{"best/epoch": 149, "best/precision": 0.8482030417514276, "best/recall": 0.2857142857142857, "best/mAP_0.5": 0.35070956427896943, "best/mAP_0.5:0.95": 0.2541135005760691, "Labels": {"_type": "images/separated", "width": 1600, "height": 1600, "format": "jpg", "count": 2, "filenames": ["media/images/Labels_0_a6b4c61434045fc66cc7.jpg", "media/images/Labels_0_648691bd828105e11a18.jpg"], "captions": ["labels.jpg", "labels_correlogram.jpg"]}, "train/box_loss": 0.05565806105732918, "train/obj_loss": 0.05477282404899597, "train/cls_loss": 0.0, "metrics/precision": 0.8482030417514276, "metrics/recall": 0.2857142857142857, "metrics/mAP_0.5": 0.35070956427896943, "metrics/mAP_0.5:0.95": 0.2539178600425599, "val/box_loss": 0.04550199583172798, "val/obj_loss": 0.012205362319946289, "val/cls_loss": 0.0, "x/lr0": 0.002106666666666667, "x/lr1": 0.002106666666666667, "x/lr2": 0.002106666666666667, "_timestamp": 1683994496.633654, "_runtime": 142.39201712608337, "_step": 150, "Mosaics": {"_type": "images/separated", "width": 1920, "height": 1920, "format": "jpg", "count": 3, "filenames": ["media/images/Mosaics_10_7bec3dc193e656f387ed.jpg", "media/images/Mosaics_10_1ef39fbb1eee8db5d2c2.jpg", "media/images/Mosaics_10_ffceac77fc8b2bdef49e.jpg"], "captions": ["train_batch0.jpg", "train_batch1.jpg", "train_batch2.jpg"]}, "Validation": {"_type": "images/separated", "width": 1344, "height": 1344, "format": "jpg", "count": 2, "filenames": ["media/images/Validation_150_159c3a4f89b0de593b74.jpg", "media/images/Validation_150_3636418a8729ec02f2f1.jpg"], "captions": ["val_batch0_labels.jpg", "val_batch0_pred.jpg"]}, "Results": {"_type": "images/separated", "width": 2400, "height": 1200, "format": "png", "count": 6, "filenames": ["media/images/Results_150_fc3fb102a72ecbda3e32.png", "media/images/Results_150_ca83c93a74bee8b4a26d.png", "media/images/Results_150_a017ecd44797e4a1bd4f.png", "media/images/Results_150_07b76a8d616e4eabb795.png", "media/images/Results_150_f801c5a592217a41a808.png", "media/images/Results_150_d74c3aa9f9cbddbc3900.png"], "captions": ["results.png", "confusion_matrix.png", "F1_curve.png", "PR_curve.png", "P_curve.png", "R_curve.png"]}, "_wandb": {"runtime": 141}}