{"best/epoch": 56, "best/precision": 0.10808953740996491, "best/recall": 0.2857142857142857, "best/mAP_0.5": 0.20897584313935338, "best/mAP_0.5:0.95": 0.07307797783406733, "Labels": {"_type": "images/separated", "width": 1600, "height": 1600, "format": "jpg", "count": 2, "filenames": ["media/images/Labels_0_a6b4c61434045fc66cc7.jpg", "media/images/Labels_0_648691bd828105e11a18.jpg"], "captions": ["labels.jpg", "labels_correlogram.jpg"]}, "train/box_loss": 0.07141336798667908, "train/obj_loss": 0.027412671595811844, "train/cls_loss": 0.0, "metrics/precision": 0.10789463211803466, "metrics/recall": 0.2857142857142857, "metrics/mAP_0.5": 0.20900401982919586, "metrics/mAP_0.5:0.95": 0.07308283309264692, "val/box_loss": 0.05918895825743675, "val/obj_loss": 0.0117950439453125, "val/cls_loss": 0.0, "x/lr0": 0.0021600000000000005, "x/lr1": 0.0021600000000000005, "x/lr2": 0.0021600000000000005, "_timestamp": 1683994285.0106044, "_runtime": 126.4197473526001, "_step": 100, "Mosaics": {"_type": "images/separated", "width": 1920, "height": 1920, "format": "jpg", "count": 3, "filenames": ["media/images/Mosaics_5_8e9f3aaf244acac3d4d8.jpg", "media/images/Mosaics_5_82a5b64e9adb531d9bf7.jpg", "media/images/Mosaics_5_21be5a1ec51232656358.jpg"], "captions": ["train_batch0.jpg", "train_batch1.jpg", "train_batch2.jpg"]}, "Validation": {"_type": "images/separated", "width": 1344, "height": 1344, "format": "jpg", "count": 2, "filenames": ["media/images/Validation_100_159c3a4f89b0de593b74.jpg", "media/images/Validation_100_afa2f0e14f10626423b3.jpg"], "captions": ["val_batch0_labels.jpg", "val_batch0_pred.jpg"]}, "Results": {"_type": "images/separated", "width": 2400, "height": 1200, "format": "png", "count": 6, "filenames": ["media/images/Results_100_5f928feef9354e0723c2.png", "media/images/Results_100_ca507b50d53e5e40aa84.png", "media/images/Results_100_20f311eae36d1d29c21e.png", "media/images/Results_100_193fd7bd04c32644df32.png", "media/images/Results_100_418f242d4326e2ab6a7f.png", "media/images/Results_100_83d69b7df62b92061113.png"], "captions": ["results.png", "confusion_matrix.png", "F1_curve.png", "PR_curve.png", "P_curve.png", "R_curve.png"]}, "_wandb": {"runtime": 124}}