{"best/epoch": 140, "best/precision": 0.630606922712186, "best/recall": 0.75, "best/mAP_0.5": 0.7036955685823609, "best/mAP_0.5:0.95": 0.27030379026593077, "Labels": {"_type": "images/separated", "width": 1600, "height": 1600, "format": "jpg", "count": 2, "filenames": ["media/images/Labels_0_db4792500c7a30ac630f.jpg", "media/images/Labels_0_600c858326b393a2efd2.jpg"], "captions": ["labels.jpg", "labels_correlogram.jpg"]}, "train/box_loss": 0.04682041332125664, "train/obj_loss": 0.03405255824327469, "train/cls_loss": 0.0, "metrics/precision": 0.6303048221967141, "metrics/recall": 0.75, "metrics/mAP_0.5": 0.7122442557442559, "metrics/mAP_0.5:0.95": 0.2725300990665719, "val/box_loss": 0.05345485359430313, "val/obj_loss": 0.01880168914794922, "val/cls_loss": 0.0, "x/lr0": 0.002106666666666667, "x/lr1": 0.002106666666666667, "x/lr2": 0.002106666666666667, "_timestamp": 1683997692.0026338, "_runtime": 296.52693581581116, "_step": 150, "Mosaics": {"_type": "images/separated", "width": 1920, "height": 1920, "format": "jpg", "count": 3, "filenames": ["media/images/Mosaics_10_bc8a07e596c1d366e49b.jpg", "media/images/Mosaics_10_b8709df178f57f9d0d9a.jpg", "media/images/Mosaics_10_f2f60389aaf42506f099.jpg"], "captions": ["train_batch0.jpg", "train_batch1.jpg", "train_batch2.jpg"]}, "Validation": {"_type": "images/separated", "width": 1920, "height": 1920, "format": "jpg", "count": 2, "filenames": ["media/images/Validation_150_ea02964903fd0f3486f3.jpg", "media/images/Validation_150_6e544b3e9fbd966fde4a.jpg"], "captions": ["val_batch0_labels.jpg", "val_batch0_pred.jpg"]}, "Results": {"_type": "images/separated", "width": 2400, "height": 1200, "format": "png", "count": 6, "filenames": ["media/images/Results_150_69a83168bfe421b4f9cf.png", "media/images/Results_150_a6006ff22a64e843700f.png", "media/images/Results_150_478c85c0afc9b6286342.png", "media/images/Results_150_f66b52baa23e440f0bda.png", "media/images/Results_150_9330354a976352bc9ce4.png", "media/images/Results_150_1059d0e8be6f858d1100.png"], "captions": ["results.png", "confusion_matrix.png", "F1_curve.png", "PR_curve.png", "P_curve.png", "R_curve.png"]}, "_wandb": {"runtime": 295}}